{
  "results": [
    {
      "mode": "from_scratch",
      "accuracy": 0.46922845992194534,
      "balanced_accuracy": 0.46105759376921496,
      "macro_f1": 0.35029588198516365,
      "best_epoch": 11,
      "best_value": 0.24693543367395143,
      "n_classes": 4,
      "config_hash": "b8c4580d2a3f46ad",
      "git_hash": "b1432447cfc257111aff353a13f2355d1a152c19",
      "elapsed_seconds": 4349.8,
      "label_mapping": {
        "0": 0,
        "1": 1,
        "2": 2,
        "3": 3
      }
    },
    {
      "mode": "linear_probing",
      "accuracy": 0.7808465926148304,
      "balanced_accuracy": 0.7559676897367287,
      "macro_f1": 0.704608448470637,
      "best_epoch": 12,
      "best_value": 0.6659897804512649,
      "n_classes": 4,
      "config_hash": "b8c4580d2a3f46ad",
      "git_hash": "b1432447cfc257111aff353a13f2355d1a152c19",
      "elapsed_seconds": 3872.3,
      "label_mapping": {
        "0": 0,
        "1": 1,
        "2": 2,
        "3": 3
      }
    },
    {
      "mode": "full_finetuning",
      "accuracy": 0.14470129090363254,
      "balanced_accuracy": 0.33752473735825567,
      "macro_f1": 0.16897249962894645,
      "best_epoch": 14,
      "best_value": 0.2551309012236472,
      "n_classes": 4,
      "config_hash": "b8c4580d2a3f46ad",
      "git_hash": "b1432447cfc257111aff353a13f2355d1a152c19",
      "elapsed_seconds": 4377.5,
      "label_mapping": {
        "0": 0,
        "1": 1,
        "2": 2,
        "3": 3
      }
    }
  ],
  "ts": "2026-05-23T18:31:41"
}