{
  "n_rounds_logged": 10,
  "algorithm": "fedprox",
  "fedprox_mu": 0.01,
  "fedprox_enabled": true,
  "aggregation_weights_constant_across_rounds": {
    "aero_engines": 0.09966681962733867,
    "batteries": 0.06268226650682816,
    "bearings": 0.2491670490667295,
    "cnc_milling": 0.005,
    "gearboxes": 0.022824405525588513,
    "hdd": 0.04808841121698513,
    "misc": 0.12536275387045515,
    "misc_industrial": 0.11313592246604759,
    "phm_challenges": 0.24411849214054,
    "wind": 0.029953879579487173
  },
  "aggregation_weights_sum_constant": 1.0000000000000002,
  "per_round": [
    {
      "round": 1,
      "loss_mean_weighted": 0.8394997958269163,
      "reconstruction_loss_mean_weighted": 0.8337157876565587,
      "fedprox_loss_mean_weighted": 0.005784006004353533,
      "fedprox_penalty_mean_weighted": 1.1568012241794459,
      "loss_by_client": {
        "aero_engines": 0.8712698483467102,
        "batteries": 0.6009298613667489,
        "bearings": 0.9399522948265076,
        "cnc_milling": 1.0046578681468963,
        "gearboxes": 1.0215157103538512,
        "hdd": 0.9825254964828491,
        "misc": 0.7476252114772797,
        "misc_industrial": 1.0241315519809724,
        "phm_challenges": 0.7843397229909896,
        "wind": 0.13825233221054078
      },
      "drift_by_client": {
        "aero_engines": 1.4555486110546172,
        "batteries": 1.210772594482468,
        "bearings": 1.061602424177014,
        "cnc_milling": 1.2482012764813248,
        "gearboxes": 1.0548288371167995,
        "hdd": 1.4760251430716689,
        "misc": 1.0760169988537946,
        "misc_industrial": 1.1778817526996919,
        "phm_challenges": 1.1922439364156532,
        "wind": 1.3097241884764057
      },
      "communication_mb_estimated": 61.173095703125,
      "cumulative_communication_mb": 61.173095703125,
      "max_effective_bc": 510,
      "global_state_norm_before": 279.6571909189224,
      "global_state_norm_after": 279.74750308599323,
      "ts": "2026-05-26T07:43:27"
    },
    {
      "round": 2,
      "loss_mean_weighted": 0.8189475871403741,
      "reconstruction_loss_mean_weighted": 0.8164698483272108,
      "fedprox_loss_mean_weighted": 0.00247773777981563,
      "fedprox_penalty_mean_weighted": 0.49554756703064023,
      "loss_by_client": {
        "aero_engines": 0.8439347088336945,
        "batteries": 0.6751465865969658,
        "bearings": 0.9144185621477664,
        "cnc_milling": 0.9759595656394958,
        "gearboxes": 1.010174924135208,
        "hdd": 0.9000389063358307,
        "misc": 0.6929474133253097,
        "misc_industrial": 0.9961392986774444,
        "phm_challenges": 0.781329312324524,
        "wind": 0.10512350011616946
      },
      "drift_by_client": {
        "aero_engines": 1.1229786379457063,
        "batteries": 0.7706670886751587,
        "bearings": 0.8355380158793725,
        "cnc_milling": 1.0568499458189657,
        "gearboxes": 0.6996076180084922,
        "hdd": 1.031856733250285,
        "misc": 1.1239323076588104,
        "misc_industrial": 0.7461229685163165,
        "phm_challenges": 0.7796254933796893,
        "wind": 1.0582331084742629
      },
      "communication_mb_estimated": 61.173095703125,
      "cumulative_communication_mb": 122.34619140625,
      "max_effective_bc": 510,
      "global_state_norm_before": 279.74750308599323,
      "global_state_norm_after": 279.7040261970833,
      "ts": "2026-05-26T07:45:12"
    },
    {
      "round": 3,
      "loss_mean_weighted": 0.8079625792859892,
      "reconstruction_loss_mean_weighted": 0.806062045319675,
      "fedprox_loss_mean_weighted": 0.0019005349705439585,
      "fedprox_penalty_mean_weighted": 0.38010700399246333,
      "loss_by_client": {
        "aero_engines": 0.8451383149623871,
        "batteries": 0.5854362484812736,
        "bearings": 0.9444171106815338,
        "cnc_milling": 0.9704070138931274,
        "gearboxes": 1.0010263299942017,
        "hdd": 0.9410353064537048,
        "misc": 0.6220166200399398,
        "misc_industrial": 0.9977403402328491,
        "phm_challenges": 0.7586155998706817,
        "wind": 0.09058561015874148
      },
      "drift_by_client": {
        "aero_engines": 0.9039926619096912,
        "batteries": 0.7026576528530863,
        "bearings": 0.5885801831819824,
        "cnc_milling": 0.9701026080720321,
        "gearboxes": 0.7434021646530252,
        "hdd": 0.8539275121780773,
        "misc": 0.6926978749300946,
        "misc_industrial": 0.8057145885192311,
        "phm_challenges": 0.6613366480773615,
        "wind": 0.8841774021668626
      },
      "communication_mb_estimated": 61.173095703125,
      "cumulative_communication_mb": 183.519287109375,
      "max_effective_bc": 510,
      "global_state_norm_before": 279.7040261970833,
      "global_state_norm_after": 279.6515065189451,
      "ts": "2026-05-26T07:46:59"
    },
    {
      "round": 4,
      "loss_mean_weighted": 0.7957228710047481,
      "reconstruction_loss_mean_weighted": 0.7941684695218628,
      "fedprox_loss_mean_weighted": 0.0015544021692470405,
      "fedprox_penalty_mean_weighted": 0.3108804405104549,
      "loss_by_client": {
        "aero_engines": 0.8199179887771606,
        "batteries": 0.5896492004394531,
        "bearings": 0.9342856347560883,
        "cnc_milling": 0.968945404291153,
        "gearboxes": 0.9963849472999573,
        "hdd": 0.8833873105049134,
        "misc": 0.6431327402591706,
        "misc_industrial": 1.0030446088314056,
        "phm_challenges": 0.726433258652687,
        "wind": 0.09154527530074119
      },
      "drift_by_client": {
        "aero_engines": 1.1154827772904918,
        "batteries": 0.6572102581198883,
        "bearings": 0.5132465027590135,
        "cnc_milling": 0.9448187464662012,
        "gearboxes": 0.6336138398504352,
        "hdd": 0.776847271432152,
        "misc": 0.5731712307475363,
        "misc_industrial": 0.6135698422635937,
        "phm_challenges": 0.47162393182790024,
        "wind": 0.9183602351391493
      },
      "communication_mb_estimated": 61.173095703125,
      "cumulative_communication_mb": 244.6923828125,
      "max_effective_bc": 510,
      "global_state_norm_before": 279.6515065189451,
      "global_state_norm_after": 279.59949661046267,
      "ts": "2026-05-26T07:48:49"
    },
    {
      "round": 5,
      "loss_mean_weighted": 0.7920570122414252,
      "reconstruction_loss_mean_weighted": 0.7903220057347263,
      "fedprox_loss_mean_weighted": 0.0017350067497238894,
      "fedprox_penalty_mean_weighted": 0.34700135903056056,
      "loss_by_client": {
        "aero_engines": 0.7977732867002487,
        "batteries": 0.6660091489553451,
        "bearings": 0.9478562307357788,
        "cnc_milling": 0.9662196254730224,
        "gearboxes": 1.0007305097579957,
        "hdd": 0.9321241188049316,
        "misc": 0.5861897647380829,
        "misc_industrial": 1.001630551815033,
        "phm_challenges": 0.7075527268648147,
        "wind": 0.08659891845658421
      },
      "drift_by_client": {
        "aero_engines": 1.3530621603465254,
        "batteries": 0.5741950712190971,
        "bearings": 0.6432881854217989,
        "cnc_milling": 0.9040925464332971,
        "gearboxes": 0.7138905696055345,
        "hdd": 0.8312216825241808,
        "misc": 0.9570490518141447,
        "misc_industrial": 0.5590319817836176,
        "phm_challenges": 0.5970209443570658,
        "wind": 0.9070005387444421
      },
      "communication_mb_estimated": 61.173095703125,
      "cumulative_communication_mb": 305.865478515625,
      "max_effective_bc": 510,
      "global_state_norm_before": 279.59949661046267,
      "global_state_norm_after": 279.5432199491188,
      "ts": "2026-05-26T07:50:34"
    },
    {
      "round": 6,
      "loss_mean_weighted": 0.7888787429984792,
      "reconstruction_loss_mean_weighted": 0.7870241112181973,
      "fedprox_loss_mean_weighted": 0.0018546312472155527,
      "fedprox_penalty_mean_weighted": 0.3709262577976748,