{
  "n_rounds_logged": 10,
  "aggregation_weights_constant_across_rounds": {
    "aero_engines": 0.09966681962733867,
    "batteries": 0.06268226650682816,
    "bearings": 0.2491670490667295,
    "cnc_milling": 0.005,
    "gearboxes": 0.022824405525588513,
    "hdd": 0.04808841121698513,
    "misc": 0.12536275387045515,
    "misc_industrial": 0.11313592246604759,
    "phm_challenges": 0.24411849214054,
    "wind": 0.029953879579487173
  },
  "aggregation_weights_sum_constant": 1.0000000000000002,
  "per_round": [
    {
      "round": 1,
      "loss_mean_weighted": 0.8296172374300169,
      "loss_by_client": {
        "aero_engines": 0.8585401928424835,
        "batteries": 0.5883978444337845,
        "bearings": 0.9308329844474792,
        "cnc_milling": 0.9908274650573731,
        "gearboxes": 1.0132172691822052,
        "hdd": 0.9699396884441376,
        "misc": 0.7376298940181732,
        "misc_industrial": 1.014668687582016,
        "phm_challenges": 0.7765301936864852,
        "wind": 0.12282208429649472
      },
      "drift_by_client": {
        "aero_engines": 2.135655725694509,
        "batteries": 2.021565484316655,
        "bearings": 1.9388151938700173,
        "cnc_milling": 2.1588855269815315,
        "gearboxes": 1.8511392152609185,
        "hdd": 2.3313216563824897,
        "misc": 2.0984876251496916,
        "misc_industrial": 1.9363214641284756,
        "phm_challenges": 2.122373826675354,
        "wind": 2.242595105217584
      },
      "communication_mb_estimated": 61.173095703125,
      "cumulative_communication_mb": 61.173095703125,
      "max_effective_bc": 510,
      "global_state_norm_before": 280.0046957731247,
      "global_state_norm_after": 280.1531530190259,
      "ts": "2026-05-25T16:56:27"
    },
    {
      "round": 2,
      "loss_mean_weighted": 0.81405576729883,
      "loss_by_client": {
        "aero_engines": 0.844118685722351,
        "batteries": 0.6659713819622993,
        "bearings": 0.9105614905618131,
        "cnc_milling": 0.9726458775997162,
        "gearboxes": 1.0033233225345612,
        "hdd": 0.889285751581192,
        "misc": 0.6838564169406891,
        "misc_industrial": 0.9910673069953918,
        "phm_challenges": 0.7787515604496003,
        "wind": 0.09373430885374547
      },
      "drift_by_client": {
        "aero_engines": 1.5614508032175085,
        "batteries": 1.427168091326202,
        "bearings": 1.5092270362045455,
        "cnc_milling": 1.8812299753997817,
        "gearboxes": 1.5177239771623665,
        "hdd": 1.7692792232667316,
        "misc": 1.6483146003927498,
        "misc_industrial": 1.3891781689574008,
        "phm_challenges": 1.3783843545870866,
        "wind": 1.8273840611126924
      },
      "communication_mb_estimated": 61.173095703125,
      "cumulative_communication_mb": 122.34619140625,
      "max_effective_bc": 510,
      "global_state_norm_before": 280.1531530190259,
      "global_state_norm_after": 280.1308113178238,
      "ts": "2026-05-25T16:58:30"
    },
    {
      "round": 3,
      "loss_mean_weighted": 0.7981516808326704,
      "loss_by_client": {
        "aero_engines": 0.820589816570282,
        "batteries": 0.5835693740844726,
        "bearings": 0.9400401043891907,
        "cnc_milling": 0.9602374601364135,
        "gearboxes": 0.9998257887363434,
        "hdd": 0.9253984677791596,
        "misc": 0.6139230298995971,
        "misc_industrial": 0.9920700252056122,
        "phm_challenges": 0.7439798617362976,
        "wind": 0.08733406141400338
      },
      "drift_by_client": {
        "aero_engines": 1.4395257304975957,
        "batteries": 1.1339376801813306,
        "bearings": 1.2480189244943705,
        "cnc_milling": 1.843528809804912,
        "gearboxes": 1.3928808681107734,
        "hdd": 1.7342470715802256,
        "misc": 1.3029263095197021,
        "misc_industrial": 1.65616285924185,
        "phm_challenges": 1.3924134967940731,
        "wind": 1.5556970709226094
      },
      "communication_mb_estimated": 61.173095703125,
      "cumulative_communication_mb": 183.519287109375,
      "max_effective_bc": 510,
      "global_state_norm_before": 280.1308113178238,
      "global_state_norm_after": 280.06011894904077,
      "ts": "2026-05-25T17:00:41"
    },
    {
      "round": 4,
      "loss_mean_weighted": 0.7920476201173395,
      "loss_by_client": {
        "aero_engines": 0.8243511140346527,
        "batteries": 0.5785418552160263,
        "bearings": 0.9305471634864807,
        "cnc_milling": 0.9610599708557129,
        "gearboxes": 0.9939372420310975,
        "hdd": 0.8758329021930694,
        "misc": 0.6383928489685059,
        "misc_industrial": 1.000793194770813,
        "phm_challenges": 0.7222536218166351,
        "wind": 0.08615276504307985
      },
      "drift_by_client": {
        "aero_engines": 1.3485744651933342,
        "batteries": 1.0971127627959005,
        "bearings": 1.2045152977038793,
        "cnc_milling": 1.8283791285842828,
        "gearboxes": 1.3696254868569862,
        "hdd": 1.4428200561866398,
        "misc": 1.2716747891949114,
        "misc_industrial": 1.3156170679195507,
        "phm_challenges": 0.9700665595422352,
        "wind": 1.5878314248043068
      },
      "communication_mb_estimated": 61.173095703125,
      "cumulative_communication_mb": 244.6923828125,
      "max_effective_bc": 510,
      "global_state_norm_before": 280.06011894904077,
      "global_state_norm_after": 280.02157103456557,
      "ts": "2026-05-25T17:02:25"
    },
    {
      "round": 5,
      "loss_mean_weighted": 0.7845018881026339,
      "loss_by_client": {
        "aero_engines": 0.7945216989517212,
        "batteries": 0.6608350250124931,
        "bearings": 0.9397862815856933,
        "cnc_milling": 0.9576445972919464,
        "gearboxes": 0.9960163342952728,
        "hdd": 0.9159415948390961,
        "misc": 0.578505961894989,
        "misc_industrial": 0.9976903593540192,
        "phm_challenges": 0.6974346792697906,
        "wind": 0.08365273176692427
      },
      "drift_by_client": {
        "aero_engines": 1.6747554006986873,
        "batteries": 0.9651258294798847,
        "bearings": 1.3416935741132432,
        "cnc_milling": 1.7624183871463992,
        "gearboxes": 1.5045017159628544,
        "hdd": 1.884685592442983,
        "misc": 1.6136045980242273,
        "misc_industrial": 1.279729931540405,
        "phm_challenges": 1.2018414080933626,
        "wind": 1.654724299756044
      },
      "communication_mb_estimated": 61.173095703125,
      "cumulative_communication_mb": 305.865478515625,
      "max_effective_bc": 510,
      "global_state_norm_before": 280.02157103456557,
      "global_state_norm_after": 279.9988301200792,
      "ts": "2026-05-25T17:04:06"
    },
    {
      "round": 6,
      "loss_mean_weighted": 0.7908023589628616,
      "loss_by_client": {
        "aero_engines": 0.8006542789936065,
        "batteries": 0.5614867305755615,
        "bearings": 0.9375600814819336,
        "cnc_milling": 0.9563792967796325,
        "gearboxes": 1.0003219270706176,
        "hdd": 0.8649809730052948,
        "misc": 0.566254872828722,
        "misc_industrial": 0.9871989834308624,
        "phm_challenges": 0.7699140387773514,
        "wind": 0.07895307804457843
      },
      "drift_by_client": {
        "aero_engines": 1.3867006050844586,
        "batteries": 1.1277873673574266,
        "bearings": 1.1339870286935538,
        "cnc_milling": 1.7427927448235794,
        "gearboxes": 1.4068804274607725,
        "hdd": 1.6269930526643923,
        "misc": 1.6876141881896274,
        "misc_industrial": 1.6065488483493437,
        "phm_challenges": 1.4435495013037314,
        "wind": 1.5991005941689533
      },
      "communication_mb_estimated": 61.173095703125,
      "cumulative_communication_mb": 367.03857421875,
      "max_effective_bc": 510,
      "global_state_norm_before": 279.9988301200792,
      "global_state_norm_after": 279.99778658524156,
      "ts": "2026-05-25T17:05:48"
    },
    {
      "round": 7,