dataset,client,n_channel_patches,raw_dataset_weight,capped_dataset_weight,final_dataset_weight,raw_client_weight,final_client_weight,expected_batches_per_epoch,capped_dataset,capped_client,min_presence_applied
CESNASA15,misc_industrial,83592,9.059840215359398e-05,0.00013540226324201793,0.02679498552217567,0.06792756206013037,0.1131359224660476,,False,False,False
DUS20,misc,20382,2.2090351142388658e-05,3.301474937073895e-05,0.011903397941583812,0.0847528727695843,0.12536275387045517,,False,False,False
NMILL,cnc_milling,924138,0.0010015961595537617,0.0014969180872326541,0.8878681936825445,0.0010015961595537617,0.005,,False,False,True
RRB23,bearings,167430,0.00018146342320528568,0.0002712029971122963,0.03765373121935534,0.3224362287940825,0.2491670490667295,,False,True,False
SSPSNASA15,misc,61265,6.64000276095791e-05,9.923700422913954e-05,0.03577969163434071,0.0847528727695843,0.12536275387045517,,False,False,False
