{
  "ts": "2026-05-26T11:42:23",
  "mode": "full_finetuning",
  "run_name": "downstream_cwru_fedprox_pilot_mu0_01_full_finetuning_lr1e-5",
  "dataset": "CWRU",
  "seed": 42,
  "git_hash": "5fb90bc7973875c2e4d6b1c2282dffe97317584f",
  "git_dirty": false,
  "config_hash": "99dc362065131c11",
  "checkpoint_loaded": "/content/drive/MyDrive/fm_fl_phmd/checkpoints/ssl_federated_pilot_fedprox_mu0_01/ssl_federated_pilot_fedprox_mu0_01_patchtst_phm/ckpt_final.pt",
  "label_mapping": {
    "0": 0,
    "1": 1,
    "2": 2,
    "3": 3
  },
  "train_counts": {
    "3": 6629,
    "0": 20733,
    "2": 27112,
    "1": 51409
  },
  "n_classes": 4,
  "n_trainable_params": 802324,
  "n_total_params": 802324,
  "batch_size_requested": 64,
  "batch_size_effective": 64,
  "batch_size_policy": "adaptive_by_channels",
  "n_channels": 2,
  "n_channels_source": "manifest",
  "max_channel_batch": 512,
  "min_batch_size": 1,
  "effective_bc": 128,
  "amp_used": true,
  "amp_nonfinite_grad_steps": 17,
  "best_epoch": 14,
  "best_value": 0.5665097908685597,
  "metric_for_best": "macro_f1_val",
  "test_metrics": {
    "n_samples": 3331,
    "accuracy": 0.6430501350945662,
    "balanced_accuracy": 0.495415238560879,
    "macro_f1": 0.4889175025109511,
    "confusion_matrix": [
      [
        214,
        159,
        104,
        0
      ],
      [
        577,
        1793,
        8,
        0
      ],
      [
        219,
        122,
        135,
        0
      ],
      [
        0,
        0,
        0,
        0
      ]
    ],
    "per_class": {
      "precision": [
        0.21188118811881188,
        0.8645130183220829,
        0.5465587044534413,
        null
      ],
      "recall": [
        0.44863731656184486,
        0.7539949537426409,
        0.28361344537815125,
        null
      ],
      "f1": [
        0.2878278412911903,
        0.8054806828391734,
        0.37344398340248963,
        null
      ],
      "support_true": [
        477,
        2378,
        476,
        0
      ],
      "support_pred": [
        1010,
        2074,
        247,
        0
      ]
    },
    "labels_by_class_id": [
      "0",
      "1",
      "2",
      "3"
    ],
    "zero_support_classes": [
      "3"
    ]
  },
  "zero_support_classes_test": [
    "3"
  ],
  "elapsed_seconds": 3352.5,
  "model": {
    "name": "patchtst_phm_base",
    "d_model": 128,
    "n_layers": 4,
    "n_heads": 4,
    "d_ff": 512,
    "dropout": 0.1,
    "patch_size": 16,
    "n_patches": 32
  },
  "training": {
    "max_epochs": 20,
    "lr_head": 0.001,
    "lr_backbone": 1e-05,
    "weight_decay": 0.01,
    "amp": "auto",
    "grad_clip_norm": 1.0,
    "log_every": 50,
    "eval_every_epochs": 1,
    "metric_for_best": "macro_f1_val",
    "head_dropout": 0.1,
    "max_train_batches_per_epoch": null,
    "max_val_batches": null,
    "max_test_batches": null
  }
}
